epoch,validationLoss
0,5.252248075790703
8,2.544052472221665
16,2.2130136294290423
24,0.6115189734846354
32,1.2502203702460974
40,1.0105527092237025
48,0.8914094063220546
56,0.7591344742104411
64,2.691264226799831
72,0.9846843521809205
80,0.4120331183075905
88,0.8559190583182499
96,1.026337597053498
104,0.6295352689921856
112,0.5861705275892746
120,0.8594607342965901
128,0.8011462746653706
136,0.40244158124551177
144,0.8205031945835799
152,1.7266244124621153
