epoch,validationLoss
0,0.35877008363604546
8,0.1726073157042265
16,0.22744005266577005
24,0.2815354308113456
32,0.39988102787174284
40,0.5232461616396904
48,0.25285543221980333
56,0.3303363649174571
64,0.3068501492962241
72,0.2605069959536195
80,0.39742211252450943
88,0.39111792109906673
96,0.2784544499590993
104,0.20512724481523037
112,0.15759983845055103
120,0.2946435231715441
128,0.18913552816957235
136,0.35566844791173935
144,0.144518620101735
152,0.08543241117149591
